CATEGORIA,COLOR,NIVEL,FRASE,TRAGOS
Hot,Rojo,Suave,Dale un beso en la mejilla a la persona de tu derecha.,1
Hot,Rojo,Suave,Haz un duelo de miradas sexys con la persona de enfrente.,1
Hot,Rojo,Picante,Dale un beso en el cuello a la persona de tu izquierda.,3
Hot,Rojo,Suave,Todo el grupo elige a quién le tienes que dar un beso en la mejilla.,1
Hot,Rojo,Muy picante,Besa a la persona con la cual te liarías esta noche.,4
Hot,Rojo,Picante,Lame la cara a la persona con la cual te liarías esta noche.,3
Hot,Rojo,Muy picante,Dale un pico a alguien de tu mismo género.,4
Hot,Rojo,Suave,Dale un beso en la mejilla a la persona de tu derecha durante 5 segundos.,1
Hot,Rojo,Muy picante,El grupo elige qué parte del cuerpo besas de la persona de tu izquierda.,4
Hot,Rojo,Suave,Acaricia el cuello de la persona de tu derecha de manera sensual durante 10 segundos.,2
Hot,Rojo,Suave,Dale un beso en la mano a la persona de tu izquierda mientras la miras a los ojos.,1
Hot,Rojo,Suave,Susúrrale algo sexy al oído a la persona de enfrente.,1
Hot,Rojo,Suave,Siéntate en las piernas de la persona de tu derecha hasta tu próximo turno.,2
Hot,Rojo,Suave,Haz un baile sensual de 15 segundos a la persona que elija el grupo.,2
Hot,Rojo,Suave,Dale un beso en la frente a la persona más guapa de la mesa (según tú).,1
Hot,Rojo,Picante,Muérdele suavemente la oreja a la persona de tu derecha.,3
Hot,Rojo,Suave,Dile un piropo subido de tono a la persona de tu izquierda.,1
Hot,Rojo,Suave,Acaricia el pelo de la persona de enfrente durante 10 segundos.,1
Hot,Rojo,Suave,Dale un abrazo de 15 segundos a la persona con la que más química tienes.,2
Hot,Rojo,Suave,Enséñale al grupo cómo ligarías con la persona de tu derecha.,2
Hot,Rojo,Suave,Pon tu cara de ligar mirando a la persona que elija el grupo.,1
Hot,Rojo,Suave,Dale un beso en la mejilla a todos los del género opuesto.,2
Hot,Rojo,Suave,Hazle un masaje de hombros de 20 segundos a la persona de tu izquierda.,1
Hot,Rojo,Suave,Dale de beber de tu vaso a la persona de enfrente sin usar las manos.,2
Hot,Rojo,Picante,Pasa un hielo con la boca a la persona de tu derecha.,3
Hot,Rojo,Suave,"Lee en voz alta, con voz sexy, el último mensaje que has enviado.",2
Hot,Rojo,Suave,Elige a alguien y bailad pegados durante 20 segundos.,2
Hot,Rojo,Suave,Dale un beso en la mejilla a cada persona y di cuál te ha gustado más.,2
Hot,Rojo,Picante,Di a quién de la mesa le darías un beso ahora mismo.,3
Hot,Rojo,Suave,Duelo de miradas con la persona de tu izquierda: el primero que se ría pierde.,2
Hot,Rojo,Suave,Deja que la persona de tu derecha te escriba lo que quiera en el brazo.,1
Hot,Rojo,Suave,"Con tu mejor voz sexy, pide a la persona de enfrente que te sirva una copa.",1
Hot,Rojo,Suave,Dale un beso en la mano a la persona que elija el grupo.,1
Hot,Rojo,Suave,Haz de mesa: la persona de tu izquierda apoya su vaso en tu espalda 10 segundos.,1
Hot,Rojo,Suave,Cuéntale al oído tu fantasía más inocente a la persona de tu derecha.,2
Hot,Rojo,Picante,"Dale un pico a la persona de tu derecha. Si no, bebéis los dos.",3
Hot,Rojo,Muy picante,Haz un body shot del cuello de la persona que elija el grupo.,4
Hot,Rojo,Picante,Dale un beso en el cuello a la persona de enfrente durante 5 segundos.,3
Hot,Rojo,Muy picante,Quítate una prenda (ni zapatos ni calcetines).,4
Hot,Rojo,Muy picante,Lame sal del cuello de alguien y bébete un chupito.,4
Hot,Rojo,Muy picante,Besa a la persona que elija el grupo donde elija el grupo (dentro de lo razonable).,5
Hot,Rojo,Muy picante,Dale un pico a la persona que te parezca más atractiva de la mesa.,4
Hot,Rojo,Picante,Siéntate a horcajadas sobre la persona de tu izquierda durante 10 segundos.,3
Hot,Rojo,Muy picante,Bébete un chupito del ombligo de alguien que acepte.,4
Hot,Rojo,Muy picante,Besa el hombro de la persona de tu derecha subiendo hasta el cuello.,4
Hot,Rojo,Muy picante,Dale un beso de 3 segundos a la persona con la que te liarías esta noche.,5
Hot,Rojo,Muy picante,Haz un baile sensual sentado sobre las piernas de quien elija el grupo.,4
Hot,Rojo,Picante,Intercambia una prenda con la persona de enfrente hasta el final de la partida.,3
Hot,Rojo,Muy picante,Pasa una fresa o un caramelo de tu boca a la de alguien.,5
Hot,Rojo,Muy picante,Cierra los ojos: alguien elegido por el grupo te besa y tienes que adivinar quién es.,4
Hot,Rojo,Muy picante,Muerde suavemente el labio de la persona con la que te liarías.,5
Hot,Rojo,Muy picante,Dale un beso en el cuello a cada persona de tu mismo género.,4
Hot,Rojo,Picante,Pico de 5 segundos con la persona de tu derecha: quien se aparte primero pierde.,3
Hot,Rojo,Picante,Sírvele un chupito a alguien tumbado boca arriba y dáselo tú.,3
Hot,Rojo,Picante,Elige a dos personas de la mesa que tienen que darse un pico.,3
Hot,Rojo,Picante,Besa tu mano como besarías a la persona de enfrente.,3
Hot,Rojo,Muy picante,Lame la oreja de la persona de tu izquierda.,4
Hot,Rojo,Muy picante,El grupo elige a quién besas y cuánto dura (máximo 10 segundos).,5
Hot,Rojo,Muy picante,"Quítale una prenda a la persona de tu derecha, si te deja (ni zapatos ni calcetines).",4
Hot,Rojo,Muy picante,Pico en ronda: tú y las dos personas que elija el grupo.,5
