CATEGORIA,FRASE
Conocimiento,"Adivina qué comida pediría tu pareja si mañana fuera su último día en la Tierra."
Conocimiento,"Di en voz alta la canción que tu pareja canta cuando cree que nadie la escucha. Si fallas, bebes."
Conocimiento,"¿Quién de los dos tarda más en arreglarse para salir? Contestad a la vez contando hasta tres."
Conocimiento,"Ordena de más a menos lo que más le molesta a tu pareja: que la despierten, que la hagan esperar o que la interrumpan."
Conocimiento,"Adivina qué emoji usa tu pareja más a menudo cuando te escribe."
Conocimiento,"¿Te acuerdas de qué llevaba puesto tu pareja el día que os conocisteis? Descríbelo con todo detalle."
Conocimiento,"Di cuál es el mayor miedo de tu pareja. Si aciertas, repartes un trago."
Conocimiento,"¿Quién dijo ""te quiero"" primero? Señalad a la vez sin pensarlo."
Conocimiento,"Adivina qué superpoder elegiría tu pareja y explica por qué crees que lo escogería."
Conocimiento,"Nombra tres series que tu pareja haya visto más de una vez."
Conocimiento,"¿Qué plato no pediría nunca tu pareja en un restaurante? Solo tienes una oportunidad."
Conocimiento,"Tu pareja piensa en un sitio al que le encantaría viajar. Tienes tres intentos para adivinarlo."
Conocimiento,"¿Quién de los dos es más capaz de perderse aun llevando el GPS puesto? Votad a la vez."
Conocimiento,"Explica cómo se toma el café tu pareja por la mañana, sin olvidarte de ningún detalle."
Conocimiento,"Intenta recordar el primer mensaje que te envió tu pareja, o por lo menos de qué iba."
Conocimiento,"Ordena estos planes según le apetecerían a tu pareja: sofá y peli, cena fuera o escapada de fin de semana."
Conocimiento,"Di cuál es la manía más rara de tu pareja. Si no está de acuerdo, bebes."
Conocimiento,"Adivina quién fue el primer famoso del que se colgó tu pareja."
Conocimiento,"Si a tu pareja le cayeran 1.000 euros del cielo, ¿en qué se los gastaría? Que te diga si has acertado."
Conocimiento,"¿Qué asignatura odiaba con todas sus fuerzas tu pareja en el instituto?"
Conocimiento,"¿Quién de los dos pide perdón antes después de una discusión? Señalad a la vez."
Conocimiento,"Adivina cuál es la muletilla que más repite tu pareja al hablar."
Conocimiento,"Di la fecha exacta de vuestro aniversario. Si dudas más de cinco segundos, bebes."
Conocimiento,"¿Qué película hace llorar a tu pareja sin remedio? Tienes dos intentos."
Conocimiento,"Di qué parte de su cuerpo le gusta más a tu pareja de sí misma."
Conexion,"Miraos a los ojos durante 30 segundos sin reíros. El primero que se ría, bebe."
Conexion,"Cogeos de la mano y no os soltéis hasta vuestro próximo turno."
Conexion,"Dale a tu pareja un abrazo de 20 segundos y no la sueltes antes de tiempo."
Conexion,"Pon la mano en el pecho de tu pareja y no la quites hasta que notes su corazón."
Conexion,"Susúrrale al oído algo que te encante de ella."
Conexion,"Juntad las frentes y respirad a la vez durante diez respiraciones."
Conexion,"Dale un beso en la mejilla, otro en la frente y otro en la mano, en el orden que prefieras."
Conexion,"Ponte detrás de tu pareja y dale un masaje en los hombros durante un minuto."
Conexion,"Dile a tu pareja cuánto la quieres solo con la mirada, sin decir nada, durante 15 segundos."
Conexion,"Entrelazad los dedos y contad un recuerdo bonito juntos: uno lo empieza y el otro lo termina."
Conexion,"Cierra los ojos y acaricia la cara de tu pareja como si quisieras memorizarla."
Conexion,"Bailad abrazados una canción lenta imaginaria durante 30 segundos."
Conexion,"Sentaos espalda con espalda y levantaos a la vez sin usar las manos."
Conexion,"Escribe con el dedo una palabra bonita en la espalda de tu pareja. Tiene que adivinarla."
Conexion,"Dale las gracias a tu pareja por algo concreto que haya hecho por ti esta semana."
Conexion,"Poneos cara a cara y copiad los gestos del otro como si fuerais un espejo durante 30 segundos."
Conexion,"Dale un beso de esquimal y estrena un apodo cariñoso para tu pareja."
Conexion,"Apoya la cabeza en el hombro de tu pareja y quédate así durante toda la siguiente ronda."
Conexion,"Coge la mano de tu pareja y dale un beso en cada nudillo."
Conexion,"Miraos a los ojos y decid a la vez una palabra que defina vuestra relación."
Confesion,"¿Qué fue lo primero que pensaste de tu pareja cuando la viste?"
Confesion,"Confiesa en qué momento te diste cuenta de que te estabas enamorando."
Confesion,"¿Qué es lo que más te preocupa de la relación? Si no quieres contestar, bebe dos tragos."
Confesion,"Cuenta algo que te dé vergüenza pedirle a tu pareja."
Confesion,"¿Hay algo que hace tu pareja sin darse cuenta y que te parece irresistible?"
Confesion,"Confiesa cuál ha sido el momento más incómodo que habéis vivido juntos."
Confesion,"¿Cuál es tu mayor inseguridad cuando estás con tu pareja?"
Confesion,"¿Qué prenda te encanta verle puesta a tu pareja… y cuál prefieres que se quite?"
Confesion,"¿Alguna vez has sentido celos y te lo has callado? Cuéntalo."
Confesion,"Confiesa algo que fingiste que te gustaba al principio solo para impresionar a tu pareja."
Confesion,"¿Qué es lo que más echarías de menos de tu pareja si mañana no estuviera?"
Confesion,"¿Cuál es el beso vuestro que mejor recuerdas? Descríbelo."
Confesion,"¿Qué te gustaría que tu pareja te dijera más a menudo?"
Confesion,"Confiesa un plan de cita que te encantaría hacer y que nunca te has atrevido a proponer."
Confesion,"¿Qué parte del cuerpo de tu pareja miras cuando cree que no te das cuenta?"
Confesion,"¿Hay algo de vuestra rutina que te gustaría cambiar y todavía no te has atrevido a decir?"
Confesion,"¿Qué es lo más atrevido que se te ha pasado por la cabeza hacer con tu pareja en un sitio público? Sin entrar en detalles."
Confesion,"Cuenta una vez en la que tu pareja te hizo sentir especialmente querido o querida."
Confesion,"¿Cuál es el mensaje de tu pareja que más veces has releído?"
Confesion,"¿Qué te da miedo que se pierda en vuestra relación con el paso del tiempo?"
Reto,"Representa con mímica una película que hayáis visto juntos. Tu pareja tiene un minuto para adivinarla."
Reto,"Inventad un código secreto con gestos para deciros ""vámonos ya"" en una fiesta."
Reto,"Contad por turnos recuerdos de vuestra relación. El primero que se quede en blanco, bebe."
Reto,"Haz reír a tu pareja en menos de 30 segundos sin tocarla. Si no lo consigues, bebes."
Reto,"Cread una historia juntos diciendo una palabra cada uno hasta completar tres frases."
Reto,"Diseñad en un minuto vuestra cita ideal: el sitio, la comida y un plan sorpresa."
Reto,"Imita a tu pareja recién despertada por la mañana. Ella decide si ha sido fiel o exagerado."
Reto,"Tararea una canción importante para vosotros. Si tu pareja no la adivina en tres intentos, bebe."
Reto,"Poneos un nombre artístico de pareja y presentaos como si salierais en un programa de la tele."
Reto,"Duelo de miradas: el primero que parpadee o se ría, bebe."
Reto,"Describe a tu pareja con solo tres palabras. Luego ella hace lo mismo contigo sin repetir ninguna."
Reto,"Inventad un baile de pareja de 10 segundos y representadlo ahora mismo."
Reto,"Piedra, papel o tijera al mejor de tres. Quien pierda le dedica un piropo al ganador."
Reto,"Cuenta el chiste más malo que te sepas. Si tu pareja se ríe, bebe ella; si no, bebes tú."
Reto,"Escribid en secreto la canción que más os representa como pareja. Si coincidís, repartís un trago cada uno."
Reto,"Hazle a tu pareja una declaración de amor dramática como si estuvierais en una telenovela."
Reto,"Imitad por turnos a un amigo en común hasta que el otro adivine de quién se trata."
Reto,"Inventad juntos el nombre y la receta de un cóctel que os represente."
Reto,"Tienes 20 segundos para decir cinco cosas que hayáis hecho juntos por primera vez."
Reto,"Sin hablar, consigue que tu pareja adivine tu momento favorito de vuestra relación."
